{
	"hotkeys": {
		"zoom-in": [ "ctrl", "alt", "." ],
		"zoom-out": [ "ctrl", "alt", "," ],
		"zoom-zero": [ "ctrl", "alt", "/" ],
		"draw": [ "ctrl", "prtsc" ],
		"draw-show": [ "ctrl", "alt", "q" ]
	},
	"pen-tip": {
		"pen": {
			"width": 2.0,
			"ratio": 1.8,
			"pressure-zero": 640.0,
			"pressure-bias": 256.0,
			"defnum": 3
		},
		"marker": {
			"width": 17.0,
			"ratio": 0.4,
			"defnum": 3
		},
		"eraser": {
			"width": 32.0,
			"ratio": 0.4,
			"defnum": 3
		}
	},
	"colores": {
		"pens": [
			"#FFFF0000",
			"#FFFFFF00",
			"#FF00FF00",
			"#FF00FFFF",
			"#FF0000FF",
			"#FFFF00FF",
			"#FF800000",
			"#FF808000",
			"#FF008000",
			"#FF008080",
			"#FF000080",
			"#FF800080",
			"#FFFFFFFF",
			"#FF808080",
			"#FFC0C0C0",
			"#FF000000"
		],
		"markers": [
			"#4CFF0000",
			"#4CFFFF00",
			"#4C00FF00",
			"#4C00FFFF",
			"#4C0000FF",
			"#4CFF00FF",
			"#4C800000",
			"#4C808000",
			"#4C008000",
			"#4C008080",
			"#4C000080",
			"#4C800080",
			"#4CFFFFFF",
			"#4C808080",
			"#4CC0C0C0",
			"#4C000000"
		],
		"borders": [
			"#FF004d00",
			"#FF000000",
			"#FFFFFFFF"
		]
	}
}
